,Id,pred
0,10000,-66.00242349023128
1,10001,451.4065044011534
2,10002,-461.6764170602985
3,10003,40.50120875372458
4,10004,-126.74472245403805
5,10005,-342.5345518192524
6,10006,-396.55554211358873
7,10007,335.5412790790881
8,10008,-99.51242087062448
9,10009,304.81253980627616
10,10010,68.89453048978615
11,10011,412.36919545590814
12,10012,54.942371024767525
13,10013,-17.0055507547799
14,10014,-597.8499575722614
15,10015,443.50228878641445
16,10016,144.77448697804306
17,10017,-57.41116367253776
18,10018,134.38782757746318
19,10019,-108.98377598910888
20,10020,153.82482842506758
21,10021,611.7359836022029
22,10022,588.3896503384225
23,10023,-131.0167999580198
24,10024,-61.135621141228405
25,10025,-374.24849531697254
26,10026,74.15799307965409
27,10027,137.43837873610397
28,10028,420.0866117967902
29,10029,196.76562571344502
30,10030,268.44284980053357
31,10031,638.4749102511095
32,10032,127.37873138691775
33,10033,1.3491187584001156
34,10034,22.710453177407107
35,10035,342.2395345225653
36,10036,307.70396697417215
37,10037,348.1382087009416
38,10038,-168.6528613073539
39,10039,-20.221130904617763
40,10040,-551.7499275731101
41,10041,-429.97180406674187
42,10042,261.8919587067432
43,10043,389.8204261292211
44,10044,-96.16562227356577
45,10045,-210.7108012563268
46,10046,278.8818687840126
47,10047,-427.4533010310487
48,10048,-172.9032529175696
49,10049,467.2643783557847
50,10050,-631.5587355874393
51,10051,-355.5316593381779
52,10052,143.1732755386044
53,10053,69.19920259894151
54,10054,275.588273976727
55,10055,-263.1886122041036
56,10056,167.49830723241158
57,10057,104.5778958901414
58,10058,230.0700866100776
59,10059,20.988026644577047
60,10060,-4.82258126250237
61,10061,-201.9229408106376
62,10062,560.0639265657707
63,10063,55.288476252448454
64,10064,671.3015746918344
65,10065,-493.74873828522897
66,10066,-279.3530367325918
67,10067,-53.71252761314606
68,10068,379.6981955009763
69,10069,315.071410857984
70,10070,169.13001732614254
71,10071,-271.59930326901053
72,10072,783.8022226750337
73,10073,44.57731151554851
74,10074,57.40678005457863
75,10075,-161.07827414306817
76,10076,-220.6695784788572
77,10077,223.2412944292916
78,10078,352.66559554375647
79,10079,13.163291366266504
80,10080,-461.9941469857299
81,10081,305.3721466914236
82,10082,-230.59656173861032
83,10083,359.0744432425442
84,10084,-430.2605633759208
85,10085,-115.54882205546424
86,10086,-88.96006387867372
87,10087,-488.29018980804244
88,10088,-139.35033854713598
89,10089,57.33880810852563
90,10090,-190.33624272166466
91,10091,-6.50809291482377
92,10092,189.29107774701774
93,10093,346.60367818565555
94,10094,871.6273206485915
95,10095,-147.01353738653933
96,10096,443.48993777943133
97,10097,-30.498432974439183
98,10098,185.46345753445814
99,10099,-119.91717151732772
100,10100,43.575238001809474
101,10101,58.31857155224385
102,10102,-197.15246829839873
103,10103,-70.47160678841232
104,10104,-342.84605328866695
105,10105,-29.233589873716543
106,10106,49.5229292961041
107,10107,-16.246144137911468
108,10108,33.77506926160797
109,10109,-68.88307748324092
110,10110,25.86339949369628
111,10111,-617.3142842716964
112,10112,-185.9044130119501
113,10113,323.7831061093879
114,10114,-35.66219572212674
115,10115,-733.5297711613846
116,10116,-240.7385626473601
117,10117,-381.973146624249
118,10118,75.31994462169487
119,10119,36.61032645911736
120,10120,-28.756270225024238
121,10121,-481.16062796858995
122,10122,408.85023042299025
123,10123,-765.0217471991637
124,10124,178.07269651637108
125,10125,-7.649879385670923
126,10126,134.7968462337581
127,10127,-477.45851421286926
128,10128,-248.7062530132366
129,10129,-361.88465722386445
130,10130,-18.755611748553903
131,10131,7.795604374434646
132,10132,-109.10598972538486
133,10133,-63.07374524219481
134,10134,591.8231837349163
135,10135,259.6126336966294
136,10136,-279.86583200876726
137,10137,93.22535940051846
138,10138,-427.2873154191355
139,10139,84.3865663308985
140,10140,-311.5446306441577
141,10141,11.419268612560359
142,10142,-297.83146842358445
143,10143,-331.9289709686441
144,10144,656.0132305257316
145,10145,-476.6626813650549
146,10146,361.1940451337732
147,10147,-150.18526861192296
148,10148,299.9467190243259
149,10149,-191.72143219270626
150,10150,151.94999511611994
151,10151,-64.67275781576626
152,10152,351.24486163063284
153,10153,-370.6364457562721
154,10154,349.2249817861113
155,10155,273.5246096168015
156,10156,783.1971843196878
157,10157,-124.23788973573826
158,10158,-155.22004432990815
159,10159,-506.95564938641155
160,10160,201.69321238561616
161,10161,-415.1740571596371
162,10162,-348.1651051695658
163,10163,-201.9522410868108
164,10164,-658.9504470533367
165,10165,179.34640168171467
166,10166,124.0692581616876
167,10167,-209.1502535520169
168,10168,213.7051347740059
169,10169,-82.11721023809008
170,10170,-97.11026989727172
171,10171,124.26800574647953
172,10172,50.28991565714426
173,10173,538.7439592813373
174,10174,630.0175345543367
175,10175,217.2592778265444
176,10176,-491.73374132670875
177,10177,-131.14175113883454
178,10178,362.3930224172941
179,10179,-14.363038055407559
180,10180,-30.26175736167672
181,10181,-107.3235807672988
182,10182,-334.06259292967184
183,10183,299.50639964643216
184,10184,-103.47221484505455
185,10185,179.82049946719445
186,10186,122.2007088790073
187,10187,86.58037161690771
188,10188,386.4825605669923
189,10189,-613.3611745045832
190,10190,-269.8163873834616
191,10191,260.73145126228667
192,10192,-44.620161280427936
193,10193,-159.15717576416665
194,10194,-145.24559879357457
195,10195,447.2282148759994
196,10196,476.3569859695942
197,10197,121.79421345327165
198,10198,-1.5356790561062956
199,10199,410.74409653877933
200,10200,90.82809979964676
201,10201,150.07336956844998
202,10202,24.03365296154804
203,10203,273.8866340536289
204,10204,-154.52926038025205
205,10205,42.588901507065515
206,10206,617.3417063168569
207,10207,38.9393607614273
208,10208,-91.43610119490373
209,10209,225.35327477391021
210,10210,151.05827577085546
211,10211,-86.9166477364608
212,10212,-101.71788958007252
213,10213,161.9377650260547
214,10214,357.87041410354465
215,10215,32.14597818655434
216,10216,-379.14539920029233
217,10217,-165.94213222367185
218,10218,257.453921694541
219,10219,-124.83850779184199
220,10220,47.08451472299129
221,10221,-67.05065138980326
222,10222,287.17334413416415
223,10223,836.2674277701618
224,10224,-78.73329260205523
225,10225,-293.00922915219525
226,10226,284.91632646225617
227,10227,377.9514320082292
228,10228,-473.94261958972214
229,10229,-538.8094549766034
230,10230,-372.90475040318836
231,10231,-83.37700889968693
232,10232,157.462059519112
233,10233,167.502914561512
234,10234,-105.69040574319537
235,10235,561.1616879176285
236,10236,-149.3553189574685
237,10237,196.96680512352296
238,10238,-33.81991172758074
239,10239,5.199419882337109
240,10240,-121.7084229606326
241,10241,53.47357981737776
242,10242,531.2918938411235
243,10243,-157.60262258937655
244,10244,-183.7719623926128
245,10245,643.8322464256643
246,10246,17.780306010129262
247,10247,-92.07939719460117
248,10248,485.4931646050762
249,10249,-221.23657860793975
250,10250,490.60650504846217
251,10251,-43.677159154248805
252,10252,139.93322987117625
253,10253,207.50447442761154
254,10254,17.09264702435946
255,10255,-396.4720331605295
256,10256,-168.30166761529335
257,10257,-75.59324100124489
258,10258,-292.0735078007683
259,10259,-59.373665346631775
260,10260,247.3690470643848
261,10261,206.8311275818555
262,10262,17.462464464079694
263,10263,-181.8114850065692
264,10264,300.1761509454848
265,10265,-567.6387247955886
266,10266,311.5932728526351
267,10267,-9.929511835493988
268,10268,161.40782304547827
269,10269,272.3855992297232
270,10270,55.12245741942544
271,10271,-15.278267412197227
272,10272,286.4023019429019
273,10273,387.8886119434737
274,10274,-148.57888863638553
275,10275,171.95235244839606
276,10276,-411.57059222267867
277,10277,213.80253827075202
278,10278,133.9300243737165
279,10279,-99.01717750124294
280,10280,-162.41724224558124
281,10281,-39.07419011347845
282,10282,-295.15845218323915
283,10283,141.32481354359604
284,10284,163.05983005334417
285,10285,-55.45540146241677
286,10286,-145.7406760935221
287,10287,16.3504624363536
288,10288,-364.2985584828278
289,10289,558.6630187376716
290,10290,40.05066121900707
291,10291,67.63734504296949
292,10292,559.8400846554661
293,10293,469.80694715741663
294,10294,-149.49980105452963
295,10295,-328.8227866996956
296,10296,425.77131704667465
297,10297,85.50466241179316
298,10298,-166.91553705584894
299,10299,-662.2984070393493
300,10300,50.28039165300348
301,10301,-11.355718332960176
302,10302,-451.81126444953276
303,10303,78.67283313413083
304,10304,-386.818799917356
305,10305,-273.22738305237294
306,10306,352.01504544002245
307,10307,-263.8480409181028
308,10308,-214.7302229936106
309,10309,-84.88115489738533
310,10310,745.8832791254227
311,10311,-418.9751084522756
312,10312,739.1991251661941
313,10313,-469.0774263529465
314,10314,481.82984486567074
315,10315,363.20797478743935
316,10316,-270.2530418207191
317,10317,-399.59212471613216
318,10318,234.45728030706562
319,10319,-38.734693570327366
320,10320,238.3687487185076
321,10321,28.69744199018355
322,10322,238.23095785965415
323,10323,-130.0074403000003
324,10324,-681.2945617788481
325,10325,61.58065295954388
326,10326,-444.92985067095896
327,10327,-14.71320839283967
328,10328,680.4767823428571
329,10329,288.73260649376573
330,10330,839.9704901556721
331,10331,416.6574765191809
332,10332,167.35603728915834
333,10333,-86.77953786706657
334,10334,332.76996760043573
335,10335,-201.3344309342533
336,10336,-43.62508298784166
337,10337,-107.90237779609656
338,10338,-284.0357380251706
339,10339,232.6085571783272
340,10340,237.83315171540153
341,10341,74.39980567720322
342,10342,255.51770406364508
343,10343,-168.64961928561019
344,10344,68.56334601629
345,10345,-365.4419817252601
346,10346,189.70649886094546
347,10347,-369.8332497667097
348,10348,-250.90024390237917
349,10349,76.31355019623176
350,10350,-344.9455092337761
351,10351,-187.42339326812683
352,10352,482.1697569825217
353,10353,125.75266972886006
354,10354,450.6919437521868
355,10355,216.17619018208157
356,10356,34.34193571930486
357,10357,57.51145596121611
358,10358,-211.419498947126
359,10359,49.76249180949327
360,10360,76.11104020758393
361,10361,-29.196254490440026
362,10362,33.04895852873637
363,10363,364.5627121630997
364,10364,234.48280987315317
365,10365,-21.796554859091973
366,10366,-476.93787704780067
367,10367,43.56765899304607
368,10368,-310.9572136651702
369,10369,-46.941116226037686
370,10370,181.19558107133614
371,10371,-214.96242982007135
372,10372,-80.22706031522185
373,10373,841.2082291657392
374,10374,102.35678708587032
375,10375,37.29773804688128
376,10376,77.39818275960235
377,10377,435.7945214936915
378,10378,111.39479265155659
379,10379,-128.82922415387407
380,10380,573.050121058396
381,10381,48.60246807791132
382,10382,-68.55414659218751
383,10383,56.681624505829696
384,10384,-360.30993199944004
385,10385,131.90192283450426
386,10386,-264.5258976334302
387,10387,-378.79324972499296
388,10388,-190.09929259976607
389,10389,862.9152130409627
390,10390,159.57649666231143
391,10391,514.0204635801452
392,10392,61.387667803407986
393,10393,720.8758958326586
394,10394,-450.9767310398021
395,10395,105.89444211999704
396,10396,-27.532603044003043
397,10397,-23.435561966771765
398,10398,331.2059982949477
399,10399,-156.02456394824011
400,10400,0.9477018385604836
401,10401,17.232405165319523
402,10402,143.23908417021343
403,10403,53.2264513907477
404,10404,41.01334926979475
405,10405,-129.39255146834716
406,10406,430.916521045931
407,10407,-427.9096196573557
408,10408,49.11400485209252
409,10409,-221.6475803891887
410,10410,-313.7597121868493
411,10411,115.24452244706926
412,10412,96.10097204453511
413,10413,-399.91598494242163
414,10414,-8.411407923563985
415,10415,733.1841324374709
416,10416,-332.42676649165116
417,10417,83.67612042194457
418,10418,339.7927486554422
419,10419,-35.1157013145146
420,10420,38.20433543387781
421,10421,-606.1984890559296
422,10422,194.27285338946197
423,10423,155.03155116158203
424,10424,-111.25647787348193
425,10425,-63.33937163651674
426,10426,403.93581872896345
427,10427,690.9194303358615
428,10428,75.78129943644984
429,10429,-340.3154065235754
430,10430,-195.76159542698068
431,10431,40.445138708754534
432,10432,-137.6541879602928
433,10433,-95.67479658954456
434,10434,290.84353787250376
435,10435,568.4646813472775
436,10436,351.21865075407584
437,10437,194.71516658168431
438,10438,-312.15084208719384
439,10439,-518.3107868724486
440,10440,-80.75158048061434
441,10441,-109.91053830578575
442,10442,491.41083647519645
443,10443,371.4851448604936
444,10444,343.8566446684354
445,10445,114.60785397368278
446,10446,-315.2044219098829
447,10447,83.10396509306996
448,10448,-82.59915101774226
449,10449,-182.2190272252773
450,10450,-294.91729245130364
451,10451,-294.2105553148692
452,10452,611.5470417356514
453,10453,-34.75613410359229
454,10454,-115.04157690057784
455,10455,263.27933790237756
456,10456,346.05651209283803
457,10457,194.6116152691111
458,10458,257.3561496384946
459,10459,-303.2080949271158
460,10460,-173.1959108570586
461,10461,-88.53983448578349
462,10462,137.60161200011407
463,10463,337.0486492780671
464,10464,155.7252346036272
465,10465,-250.2907929052399
466,10466,148.06340015143434
467,10467,333.6821886093764
468,10468,-260.33639238342664
469,10469,340.30790922791476
470,10470,224.6853557126955
471,10471,-607.2797170619316
472,10472,-54.85959294091814
473,10473,-685.0910817258435
474,10474,268.2582707785932
475,10475,108.79743563388337
476,10476,-233.16761717272186
477,10477,115.89088157850347
478,10478,75.28875461498453
479,10479,312.58695394034226
480,10480,78.42590704679517
481,10481,-509.63079643958343
482,10482,142.15294578474678
483,10483,-567.6096744598849
484,10484,99.19784411012931
485,10485,181.76569364681052
486,10486,-27.407098394358677
487,10487,-646.8210508159768
488,10488,-261.6328162502986
489,10489,-398.87688919781493
490,10490,-259.4107520561833
491,10491,-252.05740356799083
492,10492,-25.64796722733383
493,10493,-479.3579494231407
494,10494,109.91068619021948
495,10495,161.9425796911402
496,10496,-436.80717423975574
497,10497,-66.01220442256866
498,10498,-73.60538265407047
499,10499,51.002739446195136
500,10500,7.6096810321649215
501,10501,-38.39048673108419
502,10502,493.595970606929
503,10503,-303.44908054448626
504,10504,285.3630587606863
505,10505,236.9308212194635
506,10506,-112.90288738209146
507,10507,-104.91639705404596
508,10508,70.11071172015264
509,10509,-334.40218077461805
510,10510,-526.1520613513323
511,10511,26.695126681541034
512,10512,16.625076878907628
513,10513,-282.6239186862397
514,10514,-156.7643892232491
515,10515,-368.7038524010555
516,10516,87.26698388397288
517,10517,9.621961449395826
518,10518,159.33855433394956
519,10519,737.8354361900712
520,10520,-63.525614896838164
521,10521,253.39234540406787
522,10522,-195.47926226047895
523,10523,-233.60406275700637
524,10524,672.0430027603309
525,10525,161.0264781163409
526,10526,-86.92388588378275
527,10527,767.4499376317862
528,10528,300.1434547015419
529,10529,-264.63326212053164
530,10530,506.8069224983677
531,10531,413.7325757860604
532,10532,-227.95565420458723
533,10533,270.72182191824515
534,10534,166.27214538843103
535,10535,467.83594699529806
536,10536,691.0141927413321
537,10537,-235.19550162577414
538,10538,-204.49475633783527
539,10539,235.56549902567033
540,10540,481.50822898950304
541,10541,-404.28637162617093
542,10542,499.63459887902314
543,10543,-280.42362428355835
544,10544,349.6353570127737
545,10545,56.27921855932587
546,10546,377.78382419955176
547,10547,58.239294125082395
548,10548,424.2998121746488
549,10549,85.8004124415474
550,10550,-252.99288852458992
551,10551,172.86784495502073
552,10552,-190.10660020571572
553,10553,306.96428652366967
554,10554,-179.1176649334249
555,10555,-155.77590494004846
556,10556,-208.75257057910912
557,10557,-257.4259780204172
558,10558,-187.88708045784458
559,10559,178.9596858980324
560,10560,769.2994246067659
561,10561,131.45400495646376
562,10562,-86.33605847725566
563,10563,-440.78969412879894
564,10564,522.2063378416934
565,10565,74.26044537058816
566,10566,-273.34519080824924
567,10567,23.885483202722465
568,10568,-140.8861901167371
569,10569,337.441893325464
570,10570,63.4251202440324
571,10571,-78.12104360563916
572,10572,-209.41596150610755
573,10573,-354.3022169957893
574,10574,261.5495894072745
575,10575,252.7847530350225
576,10576,415.33279349639815
577,10577,-341.4106217749623
578,10578,-101.54306561728954
579,10579,-82.98003734434701
580,10580,-146.19185945083132
581,10581,-400.9570095088506
582,10582,114.68810161530702
583,10583,-318.4094491728415
584,10584,-27.12865111315237
585,10585,253.39206355032323
586,10586,-15.161597235908987
587,10587,490.2763101566993
588,10588,67.16055415516001
589,10589,-583.6536301606625
590,10590,566.8292227808803
591,10591,-659.7840206113426
592,10592,-280.34458657663157
593,10593,-618.4849576034641
594,10594,-403.08152177208257
595,10595,52.580795867776935
596,10596,154.1372478179056
597,10597,-187.18724588645878
598,10598,45.06432286401867
599,10599,389.86980245897735
600,10600,497.49442770097306
601,10601,-172.60466145696952
602,10602,-199.48804830691248
603,10603,146.33213540458812
604,10604,-745.9314211823647
605,10605,-230.93578234679617
606,10606,-157.73768823510517
607,10607,170.5558567216056
608,10608,58.52819579127421
609,10609,21.778235377084165
610,10610,-33.84543238859512
611,10611,527.0115321450188
612,10612,370.35979324782124
613,10613,-83.70884929336682
614,10614,-297.8667818275179
615,10615,379.63004164090427
616,10616,-194.49981867886368
617,10617,-59.08115423923994
618,10618,-59.050741456084914
619,10619,-265.79533104064114
620,10620,-488.3242148449635
621,10621,-28.133316815095746
622,10622,-110.89724251664
623,10623,642.5198198743134
624,10624,-25.104958245575155
625,10625,368.27465472014757
626,10626,274.7992135270425
627,10627,416.5261293363837
628,10628,110.57324867984374
629,10629,561.3783520521673
630,10630,497.1437621157774
631,10631,-201.60987734450939
632,10632,-370.05229826158836
633,10633,731.0573724235967
634,10634,-380.13707915516846
635,10635,-200.60251550520994
636,10636,272.0860118937547
637,10637,269.8405899107623
638,10638,-243.5639950853448
639,10639,-80.64209434586863
640,10640,-467.977012898554
641,10641,384.1033091717144
642,10642,-158.5146407643811
643,10643,-321.1429089790814
644,10644,-72.30709812158375
645,10645,244.89650104863173
646,10646,-111.76687989927669
647,10647,-71.30354161628657
648,10648,-97.14900534513909
649,10649,387.992852944464
650,10650,134.0797608254547
651,10651,-372.72453971834483
652,10652,-153.89734891410558
653,10653,376.05572467830626
654,10654,-45.066999727282
655,10655,29.11102420161798
656,10656,-164.38841371392462
657,10657,291.38028755702334
658,10658,-389.64290898924617
659,10659,-145.4538136607276
660,10660,276.506141992724
661,10661,-134.09381091719067
662,10662,82.94811155481172
663,10663,143.77337061052756
664,10664,230.85377823040818
665,10665,649.8980469913483
666,10666,188.10011410399218
667,10667,170.77221614376293
668,10668,-533.8474844790472
669,10669,-516.134968825371
670,10670,-356.78697467216523
671,10671,480.9037432056483
672,10672,-54.535992961676776
673,10673,-272.6605720403794
674,10674,-89.16369341976623
675,10675,-97.40004082496185
676,10676,-264.29803775062527
677,10677,-558.8516759610401
678,10678,-18.223173989824428
679,10679,238.68337858798094
680,10680,-107.49682687897612
681,10681,-439.737149692275
682,10682,-366.08737762044984
683,10683,540.4744022919004
684,10684,-335.9192295399908
685,10685,128.9848136466239
686,10686,-360.46505927788473
687,10687,-211.01458656820012
688,10688,115.70383605399691
689,10689,-723.6333562247715
690,10690,380.89392210560936
691,10691,24.300969805753635
692,10692,-145.38761452740977
693,10693,-157.28295617853757
694,10694,134.10336003673092
695,10695,215.95710077116357
696,10696,-310.2061637343898
697,10697,18.018883693843094
698,10698,-287.1696947296569
699,10699,-244.82888943623954
700,10700,-126.15190632103055
701,10701,-276.8510336972004
702,10702,-63.9028231953849
703,10703,-268.2907419843644
704,10704,80.99060618707662
705,10705,135.4919764914793
706,10706,265.86171737073755
707,10707,290.1533893185731
708,10708,72.85750706987655
709,10709,-88.64501838284421
710,10710,-562.5238017086133
711,10711,-257.9685916645931
712,10712,-88.32818773227683
713,10713,-608.904891354577
714,10714,16.648129846868194
715,10715,-117.99664144508726
716,10716,244.48813585825144
717,10717,60.96132064652632
718,10718,640.850472611428
719,10719,15.073592658661864
720,10720,135.00644430477328
721,10721,39.5233745332323
722,10722,86.44560574134339
723,10723,20.33765461545445
724,10724,217.44242023198012
725,10725,-8.574845990248354
726,10726,172.39758731739994
727,10727,-326.0037487732916
728,10728,347.5813407240381
729,10729,128.95803909114733
730,10730,-379.7500886129544
731,10731,-134.70695705662672
732,10732,153.56888514342245
733,10733,-72.1227860889708
734,10734,183.3084883057269
735,10735,-456.5387761913804
736,10736,152.27530162599558
737,10737,-20.65828059907105
738,10738,245.62232835465758
739,10739,776.4009728233561
740,10740,-320.14345296022606
741,10741,-479.31970828477813
742,10742,-69.75434860290757
743,10743,-372.0104531960504
744,10744,397.2822473818071
745,10745,94.97293025154109
746,10746,-545.8700939849751
747,10747,92.7173308480328
748,10748,456.62324679869715
749,10749,140.33519629203974
750,10750,-542.6167845034428
751,10751,33.256178473056345
752,10752,237.54555311936693
753,10753,-260.51478060377434
754,10754,-227.74117804894522
755,10755,-18.374207944644457
756,10756,357.23207935779186
757,10757,234.16866322379403
758,10758,309.0494908647163
759,10759,109.41620907267942
760,10760,297.0462771953375
761,10761,431.28271868977293
762,10762,-285.90275415168423
763,10763,-461.1231850605645
764,10764,458.84116852029285
765,10765,-35.13247865793462
766,10766,-138.96677867277987
767,10767,435.878111354139
768,10768,-327.5517324812432
769,10769,-16.175842225601638
770,10770,32.68738315097049
771,10771,-143.1103609361332
772,10772,-82.91163796819343
773,10773,-26.3958495790899
774,10774,-295.90654248377024
775,10775,-300.9445513092777
776,10776,-157.03746176056194
777,10777,-444.10542517056894
778,10778,55.542959233744675
779,10779,136.09573343373808
780,10780,-59.934234414137215
781,10781,774.7869393558556
782,10782,-291.82146940254245
783,10783,449.6545133580526
784,10784,-231.20082491305251
785,10785,88.18058840405175
786,10786,511.6823816159455
787,10787,27.69891399185518
788,10788,69.71900343078606
789,10789,-684.0304286748208
790,10790,-181.165754189106
791,10791,-592.2856835316278
792,10792,-326.37230449136894
793,10793,527.5739554313373
794,10794,-175.98223228892607
795,10795,555.3273243262516
796,10796,-40.06219256947696
797,10797,-242.9096118442569
798,10798,466.4750098322096
799,10799,209.7265782177994
800,10800,112.47399028633835
801,10801,655.9597092112732
802,10802,-253.67288201365108
803,10803,-143.14006436902676
804,10804,261.9090334491249
805,10805,-51.430524620989004
806,10806,-646.5343714931213
807,10807,-114.11730645512856
808,10808,126.14931118008019
809,10809,204.59346285899605
810,10810,-300.39361365831365
811,10811,-415.68674588953866
812,10812,6.449152884280672
813,10813,72.80107777482948
814,10814,160.6608720814529
815,10815,249.3116892918176
816,10816,-248.28534524656283
817,10817,7.830629922613035
818,10818,-466.38382701666
819,10819,290.15144404460045
820,10820,-309.0332065633402
821,10821,528.6916611956274
822,10822,372.4938479322531
823,10823,-328.08626630968615
824,10824,-94.6587340772502
825,10825,55.56919414045763
826,10826,67.34382419031698
827,10827,-533.6683812491304
828,10828,-128.10863350344806
829,10829,-542.9948584464198
830,10830,54.63463967257941
831,10831,182.66043483267842
832,10832,-41.29948573089223
833,10833,652.8127633917359
834,10834,-336.9657807378883
835,10835,99.96282019773743
836,10836,811.7900163367075
837,10837,-346.25211606529905
838,10838,103.69087960098443
839,10839,487.7360812633333
840,10840,120.89569101399054
841,10841,-324.32967405436824
842,10842,-136.41212971214554
843,10843,-41.924430030976865
844,10844,282.70298658023273
845,10845,345.620328970204
846,10846,124.69798534752361
847,10847,-206.11335283373427
848,10848,155.9399858321412
849,10849,-443.7672299433849
850,10850,-273.34300340059735
851,10851,195.95033081854606
852,10852,-30.69004085139985
853,10853,86.56778659815323
854,10854,-312.2113618894968
855,10855,41.00524696145817
856,10856,307.67518019994753
857,10857,532.9059494214047
858,10858,260.16168056338074
859,10859,362.0055075337361
860,10860,101.32898120196631
861,10861,38.44129613989355
862,10862,20.267674753903652
863,10863,117.44024988074621
864,10864,573.6911827078565
865,10865,-507.59205851450093
866,10866,-211.76962671045683
867,10867,-78.39989740428194
868,10868,-319.57376765957395
869,10869,-267.44656441833405
870,10870,-780.8570319676238
871,10871,50.22998055644345
872,10872,-298.5490108171668
873,10873,23.392386523118113
874,10874,-76.2905974101489
875,10875,-257.5974704642535
876,10876,171.56436509796583
877,10877,-121.60078316249017
878,10878,-451.3737768554298
879,10879,81.13533884268335
880,10880,-212.55249317142693
881,10881,-3.5349272290954907
882,10882,-408.25548100018636
883,10883,-158.65133194465758
884,10884,238.39834201613144
885,10885,-133.0357232736985
886,10886,-266.0840826060647
887,10887,247.74270438194785
888,10888,347.96654428323734
889,10889,-511.3152428108661
890,10890,21.815871215018323
891,10891,-163.84140964229024
892,10892,-472.5608363970488
893,10893,-365.00826715123657
894,10894,272.43713793223986
895,10895,92.37376374891511
896,10896,491.80814568465127
897,10897,-200.03605813581066
898,10898,144.31490824987432
899,10899,-554.3580524200003
900,10900,-449.35755789415913
901,10901,565.01548017996
902,10902,446.3187580746211
903,10903,309.6973881874136
904,10904,282.92794140775237
905,10905,176.19762818996753
906,10906,-315.1418517603804
907,10907,612.3377931152993
908,10908,274.25223124773134
909,10909,-19.436173058565018
910,10910,404.6254477705252
911,10911,47.26648142698505
912,10912,101.8962408096054
913,10913,98.14809562777721
914,10914,-231.35258244372142
915,10915,136.33612319164303
916,10916,-150.31005926794836
917,10917,461.199549978789
918,10918,145.6901588842717
919,10919,-405.82374187555973
920,10920,-405.5525658750974
921,10921,213.67394365056103
922,10922,-204.8036402731436
923,10923,-118.57063791050929
924,10924,675.2302648290721
925,10925,145.16198786853298
926,10926,489.6870020199615
927,10927,-173.76557459369232
928,10928,89.69168465283626
929,10929,239.01179154230982
930,10930,-68.18000068660275
931,10931,93.66677561513173
932,10932,-196.55301722008485
933,10933,-711.753444720095
934,10934,-104.15023991148878
935,10935,55.730039501230074
936,10936,74.2403505847867
937,10937,625.7495908769055
938,10938,234.98688486875403
939,10939,221.59294793875688
940,10940,61.93159175679419
941,10941,239.73644833443757
942,10942,-21.33808181831711
943,10943,180.16473629709043
944,10944,14.918627995498975
945,10945,-374.8656883482515
946,10946,-397.5149288584037
947,10947,114.6669084321623
948,10948,-269.6162287989416
949,10949,0.13921221449009236
950,10950,-34.5948467606927
951,10951,72.7340212266804
952,10952,-188.80556313903787
953,10953,-365.5336719234541
954,10954,-67.59552255426574
955,10955,19.50117013917936
956,10956,212.7825901382346
957,10957,170.7228468826313
958,10958,48.756055882019666
959,10959,-239.44652279164697
960,10960,409.7382051551791
961,10961,399.8680056503097
962,10962,18.693100459976645
963,10963,165.76697195984354
964,10964,-124.38945349671114
965,10965,54.99452321278769
966,10966,640.4320745648702
967,10967,7.578792735556069
968,10968,-265.0476304100108
969,10969,1.6927330910943232
970,10970,18.517133621268602
971,10971,-248.8516393016929
972,10972,106.86193154650866
973,10973,251.63914312090915
974,10974,133.8377395364067
975,10975,-358.26696137693233
976,10976,426.26144731764185
977,10977,71.97842246974056
978,10978,-322.08755962522093
979,10979,438.84026750159404
980,10980,-40.13211449134138
981,10981,283.803568652926
982,10982,-487.90619533258734
983,10983,-86.9330282521492
984,10984,-470.85015109169024
985,10985,73.14648277315234
986,10986,-688.3900989407995
987,10987,392.4785675660405
988,10988,-328.63103749553807
989,10989,149.39160063469055
990,10990,321.79311476060616
991,10991,584.3930870450631
992,10992,206.75729570024845
993,10993,36.5482259970084
994,10994,-37.77828521118794
995,10995,-551.0517094651385
996,10996,-107.85120387757068
997,10997,-176.80602795353218
998,10998,-356.8894911731822
999,10999,418.4145841124777
1000,11000,-26.133496016982967
1001,11001,-213.90951362803062
1002,11002,246.57978881987788
1003,11003,-32.011024949713004
1004,11004,-126.732588495825
1005,11005,26.91449155762042
1006,11006,198.92197376295263
1007,11007,-18.843554414706457
1008,11008,-119.5148460764215
1009,11009,-389.90376053107445
1010,11010,-149.50928607147975
1011,11011,-308.9620302146942
1012,11012,-478.77716041375373
1013,11013,-616.72914125228
1014,11014,-25.89082961138441
1015,11015,-133.176590316863
1016,11016,-633.0587252293202
1017,11017,-32.263294745607546
1018,11018,28.795819581693628
1019,11019,-290.001323640661
1020,11020,-168.02496539200192
1021,11021,-173.84102001973872
1022,11022,107.27955415166491
1023,11023,278.32878520700064
1024,11024,164.73665181591332
1025,11025,596.786019950616
1026,11026,737.7802177171227
1027,11027,-57.044398703887026
1028,11028,-20.381913027884895
1029,11029,193.11140830024635
1030,11030,150.95242220368186
1031,11031,-340.877925855867
1032,11032,207.55657024653738
1033,11033,-27.67472612589162
1034,11034,-146.95165736571334
1035,11035,-121.88066829612525
1036,11036,144.47950532989114
1037,11037,333.20953167889616
1038,11038,-452.5131209680466
1039,11039,-208.53684674422288
1040,11040,265.84494752361
1041,11041,-86.19645950050125
1042,11042,-456.01061792236374
1043,11043,-377.7300472014272
1044,11044,277.5566889704552
1045,11045,-98.28816556864489
1046,11046,-258.67741823285115
1047,11047,508.51302164659194
1048,11048,-27.829466767414026
1049,11049,-397.83822522418814
1050,11050,27.29423154804283
1051,11051,55.46090696291152
1052,11052,86.52443961502746
1053,11053,-417.71826706416624
1054,11054,265.0746921743701
1055,11055,126.49537980057323
1056,11056,-731.2337998933444
1057,11057,26.768529070431725
1058,11058,15.17242496547288
1059,11059,603.1491770539614
1060,11060,-68.51036908576027
1061,11061,-630.1588497389263
1062,11062,391.4398950451707
1063,11063,191.26739771271437
1064,11064,-82.79915889804515
1065,11065,874.2798355716827
1066,11066,130.10220965607922
1067,11067,24.825257629838248
1068,11068,10.015684555530033
1069,11069,407.55355195098565
1070,11070,184.93372244983743
1071,11071,699.4013403550846
1072,11072,12.874182171248878
1073,11073,-569.7950312054741
1074,11074,-60.618267530272846
1075,11075,-96.5894429258612
1076,11076,19.660708357383783
1077,11077,30.225969050066308
1078,11078,-107.06858214835697
1079,11079,-23.448153023309178
1080,11080,-16.563489755114244
1081,11081,18.76731799858637
1082,11082,145.9503818222063
1083,11083,-428.10275660092117
1084,11084,-158.17477611037313
1085,11085,-44.37808089678748
1086,11086,-411.2997705448302
1087,11087,218.42101808202557
1088,11088,141.24530784475246
1089,11089,316.6347559705912
1090,11090,93.68023982535567
1091,11091,154.16405402565454
1092,11092,-132.92025023590932
1093,11093,-293.8735713953071
1094,11094,485.30634558787676
1095,11095,-271.2294815068556
1096,11096,373.38314717843383
1097,11097,-359.6695987563293
1098,11098,-459.9923044506956
1099,11099,209.05369852328326
1100,11100,46.74008351487625
1101,11101,-767.8965435991798
1102,11102,-153.969466825706
1103,11103,-66.68289246156857
1104,11104,-15.94403508088681
1105,11105,16.07598434499955
1106,11106,157.03893670157413
1107,11107,585.6578635592915
1108,11108,-259.63810597939306
1109,11109,264.4864666930861
1110,11110,171.55865069952816
1111,11111,182.0657255450845
1112,11112,-336.8833733608902
1113,11113,-403.2385387031549
1114,11114,114.57772510795685
1115,11115,161.83644349638917
1116,11116,-628.0447010001043
1117,11117,242.01175305538672
1118,11118,362.86303611765436
1119,11119,60.7137064042437
1120,11120,-359.3112312132583
1121,11121,-379.0818795057253
1122,11122,237.8377849497883
1123,11123,-293.4175091399261
1124,11124,-397.45137920298345
1125,11125,159.58885605132699
1126,11126,365.0374752135959
1127,11127,-720.6128464897361
1128,11128,500.16486577148413
1129,11129,-11.26581000616426
1130,11130,-69.3550150252371
1131,11131,250.86562155967812
1132,11132,-169.30678540802475
1133,11133,120.43720692692636
1134,11134,-39.95315782539288
1135,11135,-520.879065999745
1136,11136,-631.1061053453731
1137,11137,-189.45128724586792
1138,11138,73.57078736644434
1139,11139,39.63813193628239
1140,11140,-459.8374387751037
1141,11141,4.029071723496255
1142,11142,-197.44889965681818
1143,11143,62.3897425691458
1144,11144,-186.44535236927038
1145,11145,-133.60822019560163
1146,11146,305.0229789528646
1147,11147,-46.02246759214512
1148,11148,-42.28147598500791
1149,11149,-174.61342313978037
1150,11150,-221.81742427816755
1151,11151,-177.58255371476798
1152,11152,-1.6457791602113188
1153,11153,92.19561472892619
1154,11154,380.6366433481235
1155,11155,5.17628553350745
1156,11156,-43.26413786036047
1157,11157,138.56909768313483
1158,11158,-644.2373399718068
1159,11159,-264.0526485409815
1160,11160,388.07711133595285
1161,11161,-314.57550396753123
1162,11162,68.59577885369734
1163,11163,313.9025059586697
1164,11164,-174.13638000550105
1165,11165,75.24506091716572
1166,11166,-48.3004965347919
1167,11167,366.328134930542
1168,11168,-300.95317522451916
1169,11169,52.29547497280685
1170,11170,199.76450852884562
1171,11171,-291.4521388811779
1172,11172,-221.25525714195084
1173,11173,-347.6337366501135
1174,11174,-203.16973722565982
1175,11175,-377.92297544460405
1176,11176,-39.05990123872132
1177,11177,-27.657708986922913
1178,11178,-4.840069011084182
1179,11179,387.69317018167243
1180,11180,173.07521100861584
1181,11181,932.2704016789722
1182,11182,-79.75948934966279
1183,11183,140.8319773722502
1184,11184,39.68402985812704
1185,11185,443.5242080443138
1186,11186,342.35994872023974
1187,11187,-137.85795258406355
1188,11188,596.3305304911725
1189,11189,207.64692642350718
1190,11190,-628.7444696897284
1191,11191,498.5177064988451
1192,11192,-157.93924874004904
1193,11193,351.1078397657419
1194,11194,21.711333535599653
1195,11195,-147.85882005549354
1196,11196,204.57246274928195
1197,11197,29.47461824941372
1198,11198,121.4339296412447
1199,11199,-565.6199353865652
1200,11200,-229.6105869585277
1201,11201,-46.8044771087424
1202,11202,686.9993413504835
1203,11203,-439.3760081383567
1204,11204,-564.3067809262274
1205,11205,-449.4452387206121
1206,11206,-187.01337557795333
1207,11207,63.71447075230635
1208,11208,226.53217961129107
1209,11209,-238.26195886607576
1210,11210,8.031752667965872
1211,11211,-360.68869418514583
1212,11212,-123.99311613868828
1213,11213,-388.86461946300386
1214,11214,21.025862631446117
1215,11215,-301.50187125630407
1216,11216,215.8774083128959
1217,11217,403.5102100497997
1218,11218,435.6976033569264
1219,11219,-107.10092088372221
1220,11220,186.04692078373623
1221,11221,347.5694847398057
1222,11222,258.81395911530507
1223,11223,-431.3756614817949
1224,11224,-169.35938198101957
1225,11225,106.38668004303878
1226,11226,11.406343347778742
1227,11227,362.5962040295646
1228,11228,-602.2073540911472
1229,11229,707.555918445796
1230,11230,202.1749187820548
1231,11231,-50.33711976765585
1232,11232,-170.3294234532486
1233,11233,-33.311370903949225
1234,11234,194.4298349201157
1235,11235,-358.5893509674063
1236,11236,-212.26535326917758
1237,11237,-291.42110382226326
1238,11238,295.5576189497123
1239,11239,-278.973387273083
1240,11240,23.653653300110534
1241,11241,-64.4636109068395
1242,11242,-550.5130672413399
1243,11243,541.3432697524746
1244,11244,95.06333041131276
1245,11245,14.598207374633148
1246,11246,108.60883519127061
1247,11247,-390.97470911424244
1248,11248,358.66641966090015
1249,11249,-656.7373713546336
1250,11250,39.62170404064984
1251,11251,-112.10781397641861
1252,11252,-3.9966181836037866
1253,11253,-399.3487785294667
1254,11254,-189.94215830266836
1255,11255,25.705003254619324
1256,11256,-514.3423090508968
1257,11257,42.9033889964712
1258,11258,-18.932652421564953
1259,11259,-109.32309649965744
1260,11260,-32.899091713947314
1261,11261,-543.812002653854
1262,11262,402.37108703096897
1263,11263,36.244315379427505
1264,11264,228.30407580009464
1265,11265,346.3830222771366
1266,11266,-401.22270699068525
1267,11267,54.05719773136562
1268,11268,6.862233348083496
1269,11269,-3.812080565893283
1270,11270,-445.45149197388855
1271,11271,162.08751874326848
1272,11272,176.36752501387204
1273,11273,-516.9719819284376
1274,11274,189.99316009348954
1275,11275,-164.45712796519368
1276,11276,174.20994712832785
1277,11277,-510.02977631488426
1278,11278,174.7848851098719
1279,11279,-352.74632432728424
1280,11280,-145.46097708961713
1281,11281,456.9718611706628
1282,11282,-463.51489067262827
1283,11283,-363.58427640439305
1284,11284,-157.84808228490294
1285,11285,-195.36060962026107
1286,11286,152.040687756855
1287,11287,-197.09226766881773
1288,11288,36.48096536871986
1289,11289,993.2248779784693
1290,11290,-387.02879318681613
1291,11291,-6.616510882802279
1292,11292,-272.0688608858404
1293,11293,-138.5995455101121
1294,11294,-105.03944861260017
1295,11295,-21.529524404723514
1296,11296,91.05719915023029
1297,11297,-65.79119714947254
1298,11298,164.47287710093636
1299,11299,-17.997827027464275
1300,11300,783.8866597139146
1301,11301,-339.2311247243131
1302,11302,-196.48456361783516
1303,11303,357.2184954096832
1304,11304,186.31062521156835
1305,11305,138.09410368403212
1306,11306,-11.632461477737213
1307,11307,175.8091637342032
1308,11308,-224.61734983236312
1309,11309,68.85579641186735
1310,11310,201.21113139003873
1311,11311,257.87114287716224
1312,11312,-432.870559517299
1313,11313,-893.9998008184402
1314,11314,671.8650784658583
1315,11315,-143.37264919121677
1316,11316,622.2386586662819
1317,11317,179.3844262904714
1318,11318,553.7744088919065
1319,11319,133.39922116403923
1320,11320,-278.7634418316655
1321,11321,-316.6280409529852
1322,11322,503.41566288266597
1323,11323,282.687135996657
1324,11324,-192.34979075415208
1325,11325,-266.5062159351739
1326,11326,28.442092691972626
1327,11327,-502.8106644889357
1328,11328,-284.89716781774075
1329,11329,334.32539610270493
1330,11330,131.8555942163117
1331,11331,-163.06900527506988
1332,11332,207.69781044505166
1333,11333,84.53775535541774
1334,11334,26.259629066102605
1335,11335,-255.9221373063664
1336,11336,51.28290274248175
1337,11337,-102.0496214623137
1338,11338,160.43430410628537
1339,11339,285.3933559563096
1340,11340,-58.84096452168196
1341,11341,103.10534910665977
1342,11342,-294.31129301873386
1343,11343,376.9074907782748
1344,11344,69.80186693396988
1345,11345,866.0001885226095
1346,11346,-39.37289658053945
1347,11347,64.61420289331805
1348,11348,-169.65603416906694
1349,11349,-545.1873976320012
1350,11350,-61.7696368475374
1351,11351,-497.32028453380724
1352,11352,462.2911105292883
1353,11353,-153.2691425095546
1354,11354,-206.00694145910416
1355,11355,-139.67967903899972
1356,11356,-86.31603500008441
1357,11357,589.4439429065609
1358,11358,213.3916236546714
1359,11359,160.8426920524989
1360,11360,189.14311879095553
1361,11361,-353.62333168120426
1362,11362,-195.46146888134942
1363,11363,-130.9704878475707
1364,11364,-411.89784821070873
1365,11365,339.53611096103685
1366,11366,278.7080285787564
1367,11367,262.53933089099485
1368,11368,-182.31524737855952
1369,11369,312.59253988430754
1370,11370,292.5069660284909
1371,11371,-191.39812913021578
1372,11372,97.19896589042892
1373,11373,-323.06245196934873
1374,11374,-641.633523683093
1375,11375,34.40431778594199
1376,11376,332.61463954493934
1377,11377,374.39429080114365
1378,11378,79.74057443698288
1379,11379,-175.6645414801177
1380,11380,161.84977999054462
1381,11381,247.70962726907976
1382,11382,90.73858219235984
1383,11383,406.91954278272533
1384,11384,-128.29338404491497
1385,11385,131.27330755535647
1386,11386,729.309441627626
1387,11387,721.9516507762642
1388,11388,-177.94000063372468
1389,11389,709.522902016967
1390,11390,68.4418279462765
1391,11391,-488.04810671370586
1392,11392,152.74593914617512
1393,11393,-239.25028478333556
1394,11394,-147.28095714479562
1395,11395,-45.20831857564699
1396,11396,-222.12449344542776
1397,11397,-332.61528388191846
1398,11398,-119.36737582300488
1399,11399,411.5976153741653
1400,11400,165.38288375398963
1401,11401,488.2754656867206
1402,11402,224.1448993009878
1403,11403,57.12319327873938
1404,11404,264.66502019787276
1405,11405,-126.75098294470874
1406,11406,-376.20602059400824
1407,11407,48.79137391778545
1408,11408,420.19806400514113
1409,11409,-415.55963971310786
1410,11410,-45.0726787149886
1411,11411,-169.48557453543242
1412,11412,744.9633226613819
1413,11413,-534.184571319951
1414,11414,-151.03112809100838
1415,11415,577.935865469367
1416,11416,46.72638739060958
1417,11417,311.5540818056211
1418,11418,357.3063765881059
1419,11419,265.4127384398396
1420,11420,-253.59736902535138
1421,11421,-473.8813440500308
1422,11422,12.688444605876048
1423,11423,-132.56426690048855
1424,11424,72.47381920347873
1425,11425,217.43580522922426
1426,11426,-335.7785201122076
1427,11427,-262.20462447685264
1428,11428,95.51698320910141
1429,11429,-209.18192024536071
1430,11430,456.6356734923435
1431,11431,308.430560197466
1432,11432,-28.85373112568118
1433,11433,-358.5178471510814
1434,11434,128.31172677442626
1435,11435,145.62472438145977
1436,11436,95.6670080341835
1437,11437,268.28354091308154
1438,11438,-466.9244162464655
1439,11439,-314.3209496912701
1440,11440,344.74066488627835
1441,11441,220.70755813671047
1442,11442,-578.4755239012405
1443,11443,174.80907811479514
1444,11444,399.94148396073336
1445,11445,732.6720966332526
1446,11446,667.3027303329158
1447,11447,-63.09651298272036
1448,11448,245.90652202892122
1449,11449,21.730193019491132
1450,11450,-248.6526404247263
1451,11451,-197.04075505174004
1452,11452,-282.0464722650835
1453,11453,-81.15238925755507
1454,11454,52.365361603785814
1455,11455,-2.25712677813441
1456,11456,-758.8756116063793
1457,11457,213.49145912248966
1458,11458,-169.27147826397513
1459,11459,184.7202886520135
1460,11460,256.56430497475264
1461,11461,-63.24889777651976
1462,11462,-272.7178718373247
1463,11463,135.79446347148948
1464,11464,455.7807433953067
1465,11465,-129.35637652171792
1466,11466,62.87337039221862
1467,11467,-386.85293789480414
1468,11468,267.227658836111
1469,11469,287.24118692262897
1470,11470,-52.09972865258597
1471,11471,76.40695664839096
1472,11472,-138.1621508973802
1473,11473,203.55614864230617
1474,11474,15.488711020265237
1475,11475,-5.968082516968867
1476,11476,-31.64414259096895
1477,11477,221.56630230692488
1478,11478,-687.0023182063172
1479,11479,483.78422314354134
1480,11480,958.0223790880725
1481,11481,191.59606092931142
1482,11482,-58.589705574536644
1483,11483,259.4623062040443
1484,11484,-6.316757561911809
1485,11485,-270.2884690000884
1486,11486,-772.464229625115
1487,11487,-146.46331926199815
1488,11488,-37.78146099301448
1489,11489,331.55195758224966
1490,11490,570.4745741117812
1491,11491,-182.599896275753
1492,11492,-356.0940866069382
1493,11493,84.14295121036349
1494,11494,-115.72664179916687
1495,11495,431.89838199541026
1496,11496,-39.027608360856114
1497,11497,28.163383062947688
1498,11498,-54.063853433293815
1499,11499,-259.9655378401633
1500,11500,157.69687820480874
1501,11501,-451.57353618095414
1502,11502,482.55650486877454
1503,11503,242.55694520910103
1504,11504,-588.1137438098028
1505,11505,81.01709689599477
1506,11506,325.4067394440317
1507,11507,-22.052235150655246
1508,11508,-296.27850419733187
1509,11509,299.0519135861386
1510,11510,468.26993122394805
1511,11511,-99.607469514878
1512,11512,5.278085447167905
1513,11513,-101.9471501707097
1514,11514,172.81543496338978
1515,11515,-676.7207529529076
1516,11516,-85.33458519818808
1517,11517,117.54369571648229
1518,11518,-83.62878738830487
1519,11519,179.75562770163478
1520,11520,-83.35296347452854
1521,11521,-21.419178952217298
1522,11522,292.1247462432764
1523,11523,-100.1639608776506
1524,11524,-295.4450782425577
1525,11525,-196.1996154609639
1526,11526,-90.40349798566018
1527,11527,-58.114124094911496
1528,11528,-400.3793446976436
1529,11529,236.32717532971486
1530,11530,-312.00489053945074
1531,11531,448.89904737276504
1532,11532,202.7355050769541
1533,11533,94.92875456289644
1534,11534,60.247307917509914
1535,11535,-149.43663249088436
1536,11536,406.7833814658017
1537,11537,600.8120265364331
1538,11538,-23.26355946076348
1539,11539,-565.3127069056462
1540,11540,156.4406917256121
1541,11541,648.6215466239541
1542,11542,405.71979646874365
1543,11543,261.8058313693004
1544,11544,22.356083935017114
1545,11545,238.41247473228847
1546,11546,164.56802375270323
1547,11547,-83.34674114858313
1548,11548,209.77491982449396
1549,11549,-198.97437741530675
1550,11550,-78.7347321033736
1551,11551,27.73248810192461
1552,11552,450.31679507491
1553,11553,-78.3152055800511
1554,11554,-267.63890633380237
1555,11555,348.3318744546582
1556,11556,-404.45503917406836
1557,11557,330.09593949369287
1558,11558,-532.9705587435975
1559,11559,530.1667228330999
1560,11560,-741.0568046410546
1561,11561,478.6495234473414
1562,11562,164.63187921356075
1563,11563,-449.71075314711965
1564,11564,-412.11481107834175
1565,11565,219.12773907510712
1566,11566,-378.68930950300427
1567,11567,368.7333880545334
1568,11568,37.338426958467736
1569,11569,396.4934950040537
1570,11570,-29.32979471853551
1571,11571,35.47525183909108
1572,11572,-267.2910755568139
1573,11573,-417.34657979130907
1574,11574,-250.3010652766369
1575,11575,-228.95720009218627
1576,11576,692.2513473375062
1577,11577,-411.1573720657524
1578,11578,482.3211788825013
1579,11579,109.40386922308778
1580,11580,547.6205815138986
1581,11581,179.88426508469297
1582,11582,-521.57931018951
1583,11583,-0.5366722202075527
1584,11584,-1.3108832742809866
1585,11585,-248.05083145629584
1586,11586,-243.06806182013335
1587,11587,199.56730075170128
1588,11588,381.32404325693295
1589,11589,-393.16880388739713
1590,11590,138.23245276134875
1591,11591,34.24105569798987
1592,11592,-4.629154614118267
1593,11593,-151.86193128195953
1594,11594,335.54637222708914
1595,11595,-93.1452980827056
1596,11596,507.7532186638963
1597,11597,-355.46562053382115
1598,11598,143.08978438160926
1599,11599,137.94688403627012
1600,11600,-151.04600604389742
1601,11601,-19.60177369246853
1602,11602,105.84882713406132
1603,11603,-172.78518998126452
1604,11604,482.12726370999746
1605,11605,-267.5391741332556
1606,11606,39.905555786129696
1607,11607,-52.85579653107448
1608,11608,-21.222446731207757
1609,11609,155.37989346108432
1610,11610,-96.06927783501519
1611,11611,-163.17530409699768
1612,11612,-180.36573977355062
1613,11613,-264.67843452359966
1614,11614,171.42795164643698
1615,11615,-11.45771336294113
1616,11616,239.99734190689594
1617,11617,-39.84995383841668
1618,11618,-211.741606557958
1619,11619,-354.1693561735647
1620,11620,72.47946295208946
1621,11621,306.8202044401941
1622,11622,10.710238479162957
1623,11623,-367.95164299727213
1624,11624,280.99867828489977
1625,11625,607.1342789952016
1626,11626,226.07866695707017
1627,11627,565.9296380146837
1628,11628,-147.76747216989887
1629,11629,-314.0375602749053
1630,11630,-180.04553525209027
1631,11631,51.27097737987295
1632,11632,-118.81984221413485
1633,11633,-258.26062194274664
1634,11634,-229.83713020204408
1635,11635,200.36475862315336
1636,11636,-348.07141756401023
1637,11637,-584.860865972546
1638,11638,-4.929876831026721
1639,11639,-163.4422148166993
1640,11640,87.02751929857027
1641,11641,41.56663504345318
1642,11642,-494.8904637770156
1643,11643,-60.887711202976604
1644,11644,-173.55136971975094
1645,11645,181.26452118021388
1646,11646,-51.32570908677177
1647,11647,43.95099730518202
1648,11648,-517.9818134858792
1649,11649,-355.5526669032844
1650,11650,272.4021668773406
1651,11651,490.6303834469721
1652,11652,-37.23470686782152
1653,11653,100.19178117716093
1654,11654,32.26474311667081
1655,11655,342.38399589459556
1656,11656,-274.38399640567155
1657,11657,-461.5994801818374
1658,11658,399.11781881563104
1659,11659,59.94166241926642
1660,11660,-119.02693796298021
1661,11661,-281.7090515974907
1662,11662,-127.62868444831868
1663,11663,-556.5819101778263
1664,11664,-79.37923441221719
1665,11665,-84.28398755175044
1666,11666,-212.85815433361935
1667,11667,72.29858467981244
1668,11668,-416.45899892038193
1669,11669,-151.39277066781824
1670,11670,-112.94325746656753
1671,11671,-386.9976053679825
1672,11672,553.3497133654173
1673,11673,-80.93783458087154
1674,11674,265.6051645120163
1675,11675,498.06450504154634
1676,11676,447.8834076769265
1677,11677,-162.95338863409046
1678,11678,121.20351520651883
1679,11679,106.02342845843201
1680,11680,340.5063554149737
1681,11681,4.314416762780263
1682,11682,-92.64783669165574
1683,11683,-354.12957712883593
1684,11684,214.00747653242402
1685,11685,-345.6914287422613
1686,11686,-271.80220862911705
1687,11687,426.30907737815346
1688,11688,-37.75750717052172
1689,11689,-180.46345723783514
1690,11690,-97.5823107880724
1691,11691,347.8223132335274
1692,11692,-237.01309080397735
1693,11693,118.12311870118707
1694,11694,681.4766679385026
1695,11695,275.66334489092725
1696,11696,185.1648163995735
1697,11697,-13.159363367315807
1698,11698,274.07224748718994
1699,11699,178.7610296558819
1700,11700,-178.9803951614057
1701,11701,391.84251758648514
1702,11702,-308.94994109697905
1703,11703,-324.8362159483894
1704,11704,262.08713574306745
1705,11705,398.5210640940409
1706,11706,-368.2548804329617
1707,11707,-181.18251143785074
1708,11708,-166.41347208747618
1709,11709,68.98755258725296
1710,11710,-249.4901287843144
1711,11711,443.6033748432898
1712,11712,13.650459883849791
1713,11713,-212.5303785237194
1714,11714,-27.915418712235713
1715,11715,-240.79982184571224
1716,11716,-142.8830914479381
1717,11717,-285.83430439090506
1718,11718,460.6316686800938
1719,11719,-225.10788029950692
1720,11720,97.82651932861802
1721,11721,350.58725687428415
1722,11722,378.82385166848843
1723,11723,-3.8848455252712277
1724,11724,-260.9482885668371
1725,11725,-64.56158617381617
1726,11726,-270.6032841666921
1727,11727,-569.4207476943714
1728,11728,142.46838399487987
1729,11729,228.15231792746886
1730,11730,170.90589405270865
1731,11731,-88.73300598116634
1732,11732,179.58514596853024
1733,11733,176.78682556049316
1734,11734,-56.270574348240245
1735,11735,-185.87258729682725
1736,11736,100.44658731096911
1737,11737,-63.66217954558681
1738,11738,623.2061139971236
1739,11739,-122.16898105378198
1740,11740,-216.57264126812413
1741,11741,-130.98097450073664
1742,11742,-293.8266585893761
1743,11743,167.9238436273012
1744,11744,9.25950759341387
1745,11745,-587.4956962603305
1746,11746,304.72480941847624
1747,11747,251.46359511685264
1748,11748,-304.06096774524457
1749,11749,108.04336957545874
1750,11750,-218.67189979790157
1751,11751,-105.13018388543642
1752,11752,121.35633108715783
1753,11753,-302.9640413485008
1754,11754,529.6616399285892
1755,11755,-224.5501111509538
1756,11756,688.8598020995776
1757,11757,121.62140840748341
1758,11758,495.86330963739954
1759,11759,-104.89700800321182
1760,11760,-39.40369282771332
1761,11761,-218.43393840893603
1762,11762,-242.07542923760488
1763,11763,328.4691736616503
1764,11764,-121.57062322437392
1765,11765,-351.96132723645553
1766,11766,235.8965433600894
1767,11767,211.84331613383503
1768,11768,581.9859083831254
1769,11769,-187.81685176717554
1770,11770,-88.20353056281338
1771,11771,-121.263182821614
1772,11772,-682.344931535684
1773,11773,-61.45599357158223
1774,11774,69.00904133898294
1775,11775,132.89487284698916
1776,11776,41.64682074346407
1777,11777,-513.1698248834688
1778,11778,216.74344092334815
1779,11779,-533.808787887298
1780,11780,-467.10306503157244
1781,11781,39.69398965514731
1782,11782,178.8448375901781
1783,11783,-255.91268436083197
1784,11784,468.6909720129371
1785,11785,-959.1458675174449
1786,11786,201.86251191588562
1787,11787,-282.5687070757384
1788,11788,-392.4349515666031
1789,11789,-219.687757798036
1790,11790,169.59302266781168
1791,11791,-21.89566576933681
1792,11792,-242.27992228725725
1793,11793,35.58886075134663
1794,11794,336.4403335300451
1795,11795,-63.3315203300064
1796,11796,-4.446048273788364
1797,11797,-312.3153657145604
1798,11798,14.581415571942747
1799,11799,-258.2235127345505
1800,11800,725.8387913302856
1801,11801,-303.828064620401
1802,11802,-726.1845220640322
1803,11803,93.42268369441348
1804,11804,92.79798258372115
1805,11805,342.4123292506734
1806,11806,856.1825394344157
1807,11807,-54.883147062184136
1808,11808,-213.13720641425354
1809,11809,-365.0835488849495
1810,11810,-733.4819620034937
1811,11811,-206.05838193577796
1812,11812,-418.27223526007884
1813,11813,358.80446947095265
1814,11814,-260.62234532466726
1815,11815,546.2345722587837
1816,11816,187.4494866560298
1817,11817,-22.03398290079533
1818,11818,88.73051702341313
1819,11819,-243.13847978487829
1820,11820,-41.37966627895405
1821,11821,-543.62402412009
1822,11822,840.8060354669693
1823,11823,402.8242218186648
1824,11824,79.42070559550166
1825,11825,473.3897942639652
1826,11826,-57.64549004681631
1827,11827,210.1128672724432
1828,11828,-185.75745290110007
1829,11829,22.76913800358477
1830,11830,940.7468340773529
1831,11831,-442.70666780215595
1832,11832,-475.2447822521944
1833,11833,-339.9942839816205
1834,11834,541.6463647301905
1835,11835,333.4990795646748
1836,11836,-765.4962533792763
1837,11837,91.19318918087035
1838,11838,164.4507322896634
1839,11839,274.6128331227396
1840,11840,263.1882538980373
1841,11841,303.62233467676526
1842,11842,-92.18952553795835
1843,11843,208.97371337568316
1844,11844,-170.03419050961736
1845,11845,41.55819635804731
1846,11846,-670.8313651099269
1847,11847,452.6593777040701
1848,11848,741.8102612544465
1849,11849,420.55241150407255
1850,11850,400.3530024481788
1851,11851,-181.64239575564127
1852,11852,162.04635840200604
1853,11853,2.748093609334326
1854,11854,534.6906446334299
1855,11855,145.0593687435134
1856,11856,245.63977352375335
1857,11857,192.70633663605042
1858,11858,486.57398637164886
1859,11859,525.2699999852704
1860,11860,172.00159142779088
1861,11861,342.56191471401826
1862,11862,-338.44880989512325
1863,11863,99.97133504380359
1864,11864,-176.90171781690185
1865,11865,316.42601020393346
1866,11866,-637.4632411206275
1867,11867,74.53335736390176
1868,11868,-319.6093541834506
1869,11869,-234.07357196963412
1870,11870,238.8317632455638
1871,11871,684.2995158543799
1872,11872,-273.39394690634464
1873,11873,229.4938738284965
1874,11874,-191.4280518183521
1875,11875,591.7365509012395
1876,11876,-357.71707695786756
1877,11877,279.34920279935386
1878,11878,16.385346982375054
1879,11879,1015.2321071191634
1880,11880,-44.24764867011586
1881,11881,-259.1203848495997
1882,11882,6.6863125711802045
1883,11883,113.41765950025456
1884,11884,164.36906042910513
1885,11885,-219.79091064314267
1886,11886,-50.91215016522531
1887,11887,234.69378482921468
1888,11888,-225.74604715601401
1889,11889,-124.56806112022966
1890,11890,89.3308063458608
1891,11891,-24.03982232115397
1892,11892,949.8138509171487
1893,11893,21.685293242948923
1894,11894,-333.06691562171085
1895,11895,51.635266771128244
1896,11896,-328.7470589180697
1897,11897,-622.2335618237705
1898,11898,-406.8257232673678
1899,11899,-126.38083816157099
1900,11900,-298.3568340444092
1901,11901,-494.63240273285055
1902,11902,579.022340758398
1903,11903,170.42489512238188
1904,11904,160.45127278901478
1905,11905,-127.53245750921043
1906,11906,116.51260749164126
1907,11907,137.24483689523376
1908,11908,-1.2351263056276651
1909,11909,613.2508183966256
1910,11910,435.23448086059335
1911,11911,160.38696710023407
1912,11912,-185.47388977035038
1913,11913,188.640655994011
1914,11914,-610.5603513173604
1915,11915,23.714657186399183
1916,11916,-97.90469140459435
1917,11917,-120.61345408597145
1918,11918,353.0787173357872
1919,11919,-18.44288750529568
1920,11920,-120.28546893417403
1921,11921,15.392910103857204
1922,11922,185.806968047745
1923,11923,845.652763005581
1924,11924,349.459328770559
1925,11925,45.89263723696649
1926,11926,-7.237928751002938
1927,11927,-164.71617083395918
1928,11928,107.29963692985861
1929,11929,-99.60009978114886
1930,11930,48.61636926930486
1931,11931,41.199706043705305
1932,11932,661.6732170958683
1933,11933,305.9589879497778
1934,11934,500.4110755868307
1935,11935,-231.16099217574475
1936,11936,334.17773249932026
1937,11937,-326.40234266325734
1938,11938,-574.1806195838044
1939,11939,148.54087270945203
1940,11940,613.9878825912865
1941,11941,184.52036741988593
1942,11942,-216.1004672587557
1943,11943,-616.0735283229859
1944,11944,127.46984067427039
1945,11945,-96.88155439275002
1946,11946,-167.71203784394493
1947,11947,-349.9469948861918
1948,11948,6.6148671269289085
1949,11949,543.2797064068866
1950,11950,-362.7810314683399
1951,11951,-330.0574194946646
1952,11952,347.0145487363182
1953,11953,526.4307732934475
1954,11954,-69.34252030456838
1955,11955,368.08942932477424
1956,11956,381.7237196417384
1957,11957,345.8528403280852
1958,11958,-204.68981318862149
1959,11959,157.89721831896512
1960,11960,-967.3833642179114
1961,11961,527.9548197579926
1962,11962,-338.84960578595536
1963,11963,609.1811386017574
1964,11964,381.1166205897996
1965,11965,-18.351583240230028
1966,11966,-92.24291830783204
1967,11967,-166.08686551614565
1968,11968,-173.9395994580622
1969,11969,-221.13734204317552
1970,11970,-228.37612245128543
1971,11971,198.0616068094601
1972,11972,-713.0064769343031
1973,11973,-89.68186474183281
1974,11974,-480.00457016778233
1975,11975,-271.7333959227004
1976,11976,565.3236399366714
1977,11977,96.11148263233123
1978,11978,178.61335856961375
1979,11979,-61.1743324547051
1980,11980,-368.6916872400583
1981,11981,4.847746578177347
1982,11982,414.4138213444008
1983,11983,-760.318316793051
1984,11984,84.91271532686042
1985,11985,-251.84732552028856
1986,11986,280.70758458952116
1987,11987,-391.2502782510768
1988,11988,608.4991171703743
1989,11989,-27.80846060721171
1990,11990,-123.41411926925731
1991,11991,-130.82924419408133
1992,11992,18.553068892599793
1993,11993,-433.1653758772134
1994,11994,-303.7091261164648
1995,11995,464.7152549850798
1996,11996,496.48533446727873
1997,11997,-35.13540941579648
1998,11998,-131.679184534386
1999,11999,417.2691546213334
